,set,PCC,mse,rmse,count
0,test,0.7948687670814315,1.9992077301507538,2.774899025323095,199.0
1,training,0.8572519969335688,1.7129963021792323,2.335586353089579,6539.0
2,validation,0.7798677304693029,2.118195183333333,2.8123966266114544,498.0
