,set,PCC,mse,rmse,count
0,test,-0.261647574064251,3.2747643333333336,4.070515776118345,3.0
1,training,0.8991724169809545,1.873289385294118,2.435214401100464,102.0
2,validation,0.9663508580058038,1.7071367499999999,1.908617781260974,8.0
