,set,PCC,mse,rmse,count
0,test,0.3769687483112798,2.461995283333333,3.0836024356430762,6.0
1,training,0.8970341444764145,1.7363374221649488,2.2727366334970696,194.0
2,validation,0.8684201498826977,2.1740061071428567,2.713623543056527,14.0
