,set,PCC,mse,rmse,count
0,test,0.7172830400230449,2.225968404347826,2.9259392743727455,23.0
1,training,0.8320161876164682,1.5763461668181817,2.122564068063088,660.0
2,validation,0.7339048658521862,2.0423815954545463,2.782810374034164,44.0
